what,kind,bundleId,bundleVersion,description,time
executed,command,org.eclipse.ui,3.6.0.I20100603-1100,"org.eclipse.ui.edit.undo",1454497675450
deactivated,workbench,org.eclipse.ui.workbench,3.6.0.I20100603-1100,"",1454497682186
activated,workbench,org.eclipse.ui.workbench,3.6.0.I20100603-1100,"",1454497748969
deactivated,workbench,org.eclipse.ui.workbench,3.6.0.I20100603-1100,"",1454497760801
activated,workbench,org.eclipse.ui.workbench,3.6.0.I20100603-1100,"",1454497775440
opened,editor,org.eclipse.jdt.ui,3.6.0.v20100602-1600,"org.eclipse.jdt.ui.CompilationUnitEditor",1454497775620
activated,editor,org.eclipse.jdt.ui,3.6.0.v20100602-1600,"org.eclipse.jdt.ui.CompilationUnitEditor",1454497775679
opened,editor,org.eclipse.jdt.ui,3.6.0.v20100602-1600,"org.eclipse.jdt.ui.CompilationUnitEditor",1454497775737
activated,editor,org.eclipse.jdt.ui,3.6.0.v20100602-1600,"org.eclipse.jdt.ui.CompilationUnitEditor",1454497775798
executed,command,org.eclipse.ui.ide,3.6.0.I20100601-0800,"org.eclipse.ui.edit.text.openLocalFile",1454497775799
activated,editor,org.eclipse.jdt.ui,3.6.0.v20100602-1600,"org.eclipse.jdt.ui.CompilationUnitEditor",1454497780890
executed,command,org.eclipse.ui,3.6.0.I20100603-1100,"org.eclipse.ui.edit.copy",1454497825019
activated,editor,org.eclipse.jdt.ui,3.6.0.v20100602-1600,"org.eclipse.jdt.ui.CompilationUnitEditor",1454497827635
activated,editor,org.eclipse.jdt.ui,3.6.0.v20100602-1600,"org.eclipse.jdt.ui.CompilationUnitEditor",1454497829782
executed,command,org.eclipse.ui,3.6.0.I20100603-1100,"org.eclipse.ui.edit.paste",1454497833201
activated,editor,org.eclipse.jdt.ui,3.6.0.v20100602-1600,"org.eclipse.jdt.ui.CompilationUnitEditor",1454497834813
executed,command,org.eclipse.ui,3.6.0.I20100603-1100,"org.eclipse.ui.edit.paste",1454497842590
activated,editor,org.eclipse.jdt.ui,3.6.0.v20100602-1600,"org.eclipse.jdt.ui.CompilationUnitEditor",1454497844317
executed,command,org.eclipse.ui,3.6.0.I20100603-1100,"org.eclipse.ui.edit.paste",1454497849941
activated,view,org.eclipse.ui.navigator.resources,3.4.200.I20100601-0800,"org.eclipse.ui.navigator.ProjectExplorer",1454497855967
activated,editor,org.eclipse.jdt.ui,3.6.0.v20100602-1600,"org.eclipse.jdt.ui.CompilationUnitEditor",1454497862984
executed,command,org.eclipse.ui,3.6.0.I20100603-1100,"org.eclipse.ui.file.save",1454497871515
activated,editor,org.eclipse.jdt.ui,3.6.0.v20100602-1600,"org.eclipse.jdt.ui.CompilationUnitEditor",1454497872894
executed,command,org.eclipse.ui,3.6.0.I20100603-1100,"org.eclipse.ui.file.save",1454497880019
activated,editor,org.eclipse.jdt.ui,3.6.0.v20100602-1600,"org.eclipse.jdt.ui.CompilationUnitEditor",1454497881659
executed,command,org.eclipse.ui,3.6.0.I20100603-1100,"org.eclipse.ui.file.save",1454497887428
activated,editor,org.eclipse.jdt.ui,3.6.0.v20100602-1600,"org.eclipse.jdt.ui.CompilationUnitEditor",1454497889063
deactivated,workbench,org.eclipse.ui.workbench,3.6.0.I20100603-1100,"",1454497897078
activated,workbench,org.eclipse.ui.workbench,3.6.0.I20100603-1100,"",1454497908954
executed,command,org.eclipse.ui,3.6.0.I20100603-1100,"org.eclipse.ui.file.saveAs",1454497909046
activated,editor,org.eclipse.jdt.ui,3.6.0.v20100602-1600,"org.eclipse.jdt.ui.CompilationUnitEditor",1454497910814
deactivated,workbench,org.eclipse.ui.workbench,3.6.0.I20100603-1100,"",1454497917967
activated,workbench,org.eclipse.ui.workbench,3.6.0.I20100603-1100,"",1454497931881
executed,command,org.eclipse.ui,3.6.0.I20100603-1100,"org.eclipse.ui.file.saveAs",1454497931945
executed,command,org.eclipse.ui,3.6.0.I20100603-1100,"org.eclipse.ui.file.save",1454497977812
activated,editor,org.eclipse.jdt.ui,3.6.0.v20100602-1600,"org.eclipse.jdt.ui.CompilationUnitEditor",1454497979048
activated,editor,org.eclipse.jdt.ui,3.6.0.v20100602-1600,"org.eclipse.jdt.ui.CompilationUnitEditor",1454497980235
activated,editor,org.eclipse.jdt.ui,3.6.0.v20100602-1600,"org.eclipse.jdt.ui.CompilationUnitEditor",1454497981226
activated,editor,org.eclipse.jdt.ui,3.6.0.v20100602-1600,"org.eclipse.jdt.ui.CompilationUnitEditor",1454497982553
activated,editor,org.eclipse.jdt.ui,3.6.0.v20100602-1600,"org.eclipse.jdt.ui.CompilationUnitEditor",1454497999707
activated,editor,org.eclipse.jdt.ui,3.6.0.v20100602-1600,"org.eclipse.jdt.ui.CompilationUnitEditor",1454498041641
activated,editor,org.eclipse.jdt.ui,3.6.0.v20100602-1600,"org.eclipse.jdt.ui.CompilationUnitEditor",1454498042481
activated,editor,org.eclipse.jdt.ui,3.6.0.v20100602-1600,"org.eclipse.jdt.ui.CompilationUnitEditor",1454498082868
activated,editor,org.eclipse.jdt.ui,3.6.0.v20100602-1600,"org.eclipse.jdt.ui.CompilationUnitEditor",1454498108263
activated,editor,org.eclipse.jdt.ui,3.6.0.v20100602-1600,"org.eclipse.jdt.ui.CompilationUnitEditor",1454498111550
activated,editor,org.eclipse.jdt.ui,3.6.0.v20100602-1600,"org.eclipse.jdt.ui.CompilationUnitEditor",1454498115322
activated,editor,org.eclipse.jdt.ui,3.6.0.v20100602-1600,"org.eclipse.jdt.ui.CompilationUnitEditor",1454498140536
activated,editor,org.eclipse.jdt.ui,3.6.0.v20100602-1600,"org.eclipse.jdt.ui.CompilationUnitEditor",1454498172532
activated,editor,org.eclipse.jdt.ui,3.6.0.v20100602-1600,"org.eclipse.jdt.ui.CompilationUnitEditor",1454498189483
activated,editor,org.eclipse.jdt.ui,3.6.0.v20100602-1600,"org.eclipse.jdt.ui.CompilationUnitEditor",1454498216755
started,bundle,org.eclipse.mylyn.ide.ui,3.4.0.v20100608-0100-e3x,"org.eclipse.mylyn.ide.ui",1454498357916
started,bundle,org.eclipse.jst.ws.jaxws.ui,1.0.0.v201004262257,"org.eclipse.jst.ws.jaxws.ui",1454498357953
started,bundle,org.eclipse.mylyn.java.ui,3.4.0.v20100608-0100-e3x,"org.eclipse.mylyn.java.ui",1454498357996
started,bundle,org.eclipse.pde.api.tools,1.0.201.v20100602-0930,"org.eclipse.pde.api.tools",1454498358149
started,bundle,org.eclipse.pde.api.tools.ui,1.0.200.v20100601-1815,"org.eclipse.pde.api.tools.ui",1454498358151
started,bundle,org.eclipse.jst.ws.annotations.core,1.0.0.v201004262257,"org.eclipse.jst.ws.annotations.core",1454498358691
deactivated,workbench,org.eclipse.ui.workbench,3.6.0.I20100603-1100,"",1454498402800
activated,workbench,org.eclipse.ui.workbench,3.6.0.I20100603-1100,"",1454498528202
closed,editor,org.eclipse.jdt.ui,3.6.0.v20100602-1600,"org.eclipse.jdt.ui.CompilationUnitEditor",1454498529647
closed,editor,org.eclipse.jdt.ui,3.6.0.v20100602-1600,"org.eclipse.jdt.ui.CompilationUnitEditor",1454498531679
closed,editor,org.eclipse.jdt.ui,3.6.0.v20100602-1600,"org.eclipse.jdt.ui.CompilationUnitEditor",1454498532178
activated,workbench,org.eclipse.ui.workbench,3.6.0.I20100603-1100,"",1454498534170
deactivated,workbench,org.eclipse.ui.workbench,3.6.0.I20100603-1100,"",1454498534438
activated,workbench,org.eclipse.ui.workbench,3.6.0.I20100603-1100,"",1454498537395
activated,editor,org.eclipse.jdt.ui,3.6.0.v20100602-1600,"org.eclipse.jdt.ui.CompilationUnitEditor",1454498537517
closed,editor,org.eclipse.jdt.ui,3.6.0.v20100602-1600,"org.eclipse.jdt.ui.CompilationUnitEditor",1454498537518
activated,view,org.eclipse.ui.navigator.resources,3.4.200.I20100601-0800,"org.eclipse.ui.navigator.ProjectExplorer",1454498539057
closed,editor,org.eclipse.jdt.ui,3.6.0.v20100602-1600,"org.eclipse.jdt.ui.CompilationUnitEditor",1454498539057
deactivated,workbench,org.eclipse.ui.workbench,3.6.0.I20100603-1100,"",1454498542652
activated,workbench,org.eclipse.ui.workbench,3.6.0.I20100603-1100,"",1454498698461
deactivated,workbench,org.eclipse.ui.workbench,3.6.0.I20100603-1100,"",1454498704007
activated,workbench,org.eclipse.ui.workbench,3.6.0.I20100603-1100,"",1454498706326
opened,editor,org.eclipse.jdt.ui,3.6.0.v20100602-1600,"org.eclipse.jdt.ui.CompilationUnitEditor",1454498706478
activated,editor,org.eclipse.jdt.ui,3.6.0.v20100602-1600,"org.eclipse.jdt.ui.CompilationUnitEditor",1454498706542
opened,editor,org.eclipse.jdt.ui,3.6.0.v20100602-1600,"org.eclipse.jdt.ui.CompilationUnitEditor",1454498706663
activated,editor,org.eclipse.jdt.ui,3.6.0.v20100602-1600,"org.eclipse.jdt.ui.CompilationUnitEditor",1454498706725
opened,editor,org.eclipse.jdt.ui,3.6.0.v20100602-1600,"org.eclipse.jdt.ui.CompilationUnitEditor",1454498706782
activated,editor,org.eclipse.jdt.ui,3.6.0.v20100602-1600,"org.eclipse.jdt.ui.CompilationUnitEditor",1454498706837
opened,editor,org.eclipse.jdt.ui,3.6.0.v20100602-1600,"org.eclipse.jdt.ui.CompilationUnitEditor",1454498706896
activated,editor,org.eclipse.jdt.ui,3.6.0.v20100602-1600,"org.eclipse.jdt.ui.CompilationUnitEditor",1454498706976
opened,editor,org.eclipse.jdt.ui,3.6.0.v20100602-1600,"org.eclipse.jdt.ui.CompilationUnitEditor",1454498707039
activated,editor,org.eclipse.jdt.ui,3.6.0.v20100602-1600,"org.eclipse.jdt.ui.CompilationUnitEditor",1454498707107
executed,command,org.eclipse.ui,3.6.0.I20100603-1100,"org.eclipse.ui.edit.paste",1454498725001
activated,editor,org.eclipse.jdt.ui,3.6.0.v20100602-1600,"org.eclipse.jdt.ui.CompilationUnitEditor",1454498727811
executed,command,org.eclipse.ui,3.6.0.I20100603-1100,"org.eclipse.ui.edit.paste",1454498733456
activated,editor,org.eclipse.jdt.ui,3.6.0.v20100602-1600,"org.eclipse.jdt.ui.CompilationUnitEditor",1454498735397
activated,editor,org.eclipse.jdt.ui,3.6.0.v20100602-1600,"org.eclipse.jdt.ui.CompilationUnitEditor",1454498741363
executed,command,org.eclipse.ui,3.6.0.I20100603-1100,"org.eclipse.ui.edit.paste",1454498752447
activated,editor,org.eclipse.jdt.ui,3.6.0.v20100602-1600,"org.eclipse.jdt.ui.CompilationUnitEditor",1454498753888
activated,editor,org.eclipse.jdt.ui,3.6.0.v20100602-1600,"org.eclipse.jdt.ui.CompilationUnitEditor",1454498766505
activated,editor,org.eclipse.jdt.ui,3.6.0.v20100602-1600,"org.eclipse.jdt.ui.CompilationUnitEditor",1454498769374
executed,command,org.eclipse.ui,3.6.0.I20100603-1100,"org.eclipse.ui.edit.paste",1454498774073
activated,editor,org.eclipse.jdt.ui,3.6.0.v20100602-1600,"org.eclipse.jdt.ui.CompilationUnitEditor",1454498786398
activated,editor,org.eclipse.jdt.ui,3.6.0.v20100602-1600,"org.eclipse.jdt.ui.CompilationUnitEditor",1454498795363
activated,editor,org.eclipse.jdt.ui,3.6.0.v20100602-1600,"org.eclipse.jdt.ui.CompilationUnitEditor",1454498797885
activated,editor,org.eclipse.jdt.ui,3.6.0.v20100602-1600,"org.eclipse.jdt.ui.CompilationUnitEditor",1454498812172
executed,command,org.eclipse.ui,3.6.0.I20100603-1100,"org.eclipse.ui.file.save",1454498824416
activated,editor,org.eclipse.jdt.ui,3.6.0.v20100602-1600,"org.eclipse.jdt.ui.CompilationUnitEditor",1454498825688
executed,command,org.eclipse.ui,3.6.0.I20100603-1100,"org.eclipse.ui.file.save",1454498825898
activated,editor,org.eclipse.jdt.ui,3.6.0.v20100602-1600,"org.eclipse.jdt.ui.CompilationUnitEditor",1454498826931
activated,editor,org.eclipse.jdt.ui,3.6.0.v20100602-1600,"org.eclipse.jdt.ui.CompilationUnitEditor",1454498828134
executed,command,org.eclipse.ui,3.6.0.I20100603-1100,"org.eclipse.ui.file.save",1454498828361
activated,editor,org.eclipse.jdt.ui,3.6.0.v20100602-1600,"org.eclipse.jdt.ui.CompilationUnitEditor",1454498829269
executed,command,org.eclipse.ui,3.6.0.I20100603-1100,"org.eclipse.ui.file.save",1454498829521
deactivated,workbench,org.eclipse.ui.workbench,3.6.0.I20100603-1100,"",1454498835611
activated,workbench,org.eclipse.ui.workbench,3.6.0.I20100603-1100,"",1454498864377
activated,editor,org.eclipse.jdt.ui,3.6.0.v20100602-1600,"org.eclipse.jdt.ui.CompilationUnitEditor",1454498867970
deactivated,workbench,org.eclipse.ui.workbench,3.6.0.I20100603-1100,"",1454498870596
activated,workbench,org.eclipse.ui.workbench,3.6.0.I20100603-1100,"",1454504745074
deactivated,workbench,org.eclipse.ui.workbench,3.6.0.I20100603-1100,"",1454504747028
activated,workbench,org.eclipse.ui.workbench,3.6.0.I20100603-1100,"",1454504868427
deactivated,workbench,org.eclipse.ui.workbench,3.6.0.I20100603-1100,"",1454504869457
activated,workbench,org.eclipse.ui.workbench,3.6.0.I20100603-1100,"",1454568939277
closed,editor,org.eclipse.jdt.ui,3.6.0.v20100602-1600,"org.eclipse.jdt.ui.CompilationUnitEditor",1454568940280
activated,editor,org.eclipse.jdt.ui,3.6.0.v20100602-1600,"org.eclipse.jdt.ui.CompilationUnitEditor",1454568941650
closed,editor,org.eclipse.jdt.ui,3.6.0.v20100602-1600,"org.eclipse.jdt.ui.CompilationUnitEditor",1454568941650
activated,editor,org.eclipse.jdt.ui,3.6.0.v20100602-1600,"org.eclipse.jdt.ui.CompilationUnitEditor",1454568942899
closed,editor,org.eclipse.jdt.ui,3.6.0.v20100602-1600,"org.eclipse.jdt.ui.CompilationUnitEditor",1454568942899
activated,editor,org.eclipse.jdt.ui,3.6.0.v20100602-1600,"org.eclipse.jdt.ui.CompilationUnitEditor",1454568944190
closed,editor,org.eclipse.jdt.ui,3.6.0.v20100602-1600,"org.eclipse.jdt.ui.CompilationUnitEditor",1454568944191
activated,view,org.eclipse.ui.navigator.resources,3.4.200.I20100601-0800,"org.eclipse.ui.navigator.ProjectExplorer",1454568944977
closed,editor,org.eclipse.jdt.ui,3.6.0.v20100602-1600,"org.eclipse.jdt.ui.CompilationUnitEditor",1454568944978
deactivated,workbench,org.eclipse.ui.workbench,3.6.0.I20100603-1100,"",1454568950212
activated,workbench,org.eclipse.ui.workbench,3.6.0.I20100603-1100,"",1454568987777
opened,editor,org.eclipse.jdt.ui,3.6.0.v20100602-1600,"org.eclipse.jdt.ui.CompilationUnitEditor",1454568987901
activated,editor,org.eclipse.jdt.ui,3.6.0.v20100602-1600,"org.eclipse.jdt.ui.CompilationUnitEditor",1454568987950
started,bundle,org.eclipse.datatools.connectivity.sqm.core,1.2.0.v201005270630,"org.eclipse.datatools.connectivity.sqm.core",1454568988219
started,bundle,org.eclipse.datatools.connectivity,1.2.0.v201005270426,"org.eclipse.datatools.connectivity",1454568988258
started,bundle,org.eclipse.datatools.modelbase.sql,1.0.4.v201002250945,"org.eclipse.datatools.modelbase.sql",1454568988409
started,bundle,org.eclipse.datatools.sqltools.editor.core,1.0.0.v201001150815,"org.eclipse.datatools.sqltools.editor.core",1454568988585
started,bundle,org.eclipse.datatools.enablement.ingres.ui,1.0.0.v200906111150,"org.eclipse.datatools.enablement.ingres.ui",1454568988586
started,bundle,org.eclipse.datatools.sqltools.sqleditor,1.0.1.v201005130745,"org.eclipse.datatools.sqltools.sqleditor",1454568988611
started,bundle,org.eclipse.datatools.sqltools.sqlscrapbook,1.0.1.v201005250945,"org.eclipse.datatools.sqltools.sqlscrapbook",1454568988620
started,bundle,org.eclipse.datatools.enablement.sybase.asa.schemaobjecteditor.examples,2.5.0.200810071,"org.eclipse.datatools.enablement.sybase.asa.schemaobjecteditor.examples",1454568988698
started,bundle,org.eclipse.datatools.sqltools.db.generic,1.0.0.v200906020900,"org.eclipse.datatools.sqltools.db.generic",1454568988747
started,bundle,org.eclipse.datatools.enablement.sybase.ase,1.0.1.v200906020900,"org.eclipse.datatools.enablement.sybase.ase",1454568988761
started,bundle,org.eclipse.datatools.sqltools.db.derby,1.0.0.v200906020900,"org.eclipse.datatools.sqltools.db.derby",1454568988777
started,bundle,org.eclipse.datatools.enablement.sybase.asa.models,1.0.0.v200906020900,"org.eclipse.datatools.enablement.sybase.asa.models",1454568988832
started,bundle,org.eclipse.datatools.enablement.sybase.models,1.0.0.v200906020900,"org.eclipse.datatools.enablement.sybase.models",1454568988912
started,bundle,org.eclipse.datatools.sqltools.sql,1.0.0.v200906022302,"org.eclipse.datatools.sqltools.sql",1454568988961
started,bundle,org.eclipse.datatools.sqltools.editor.core.ui,1.0.0.v201001150815,"org.eclipse.datatools.sqltools.editor.core.ui",1454568989101
started,bundle,org.eclipse.datatools.sqltools.db.generic.ui,1.0.0.v200906020900,"org.eclipse.datatools.sqltools.db.generic.ui",1454568989158
started,bundle,org.eclipse.datatools.sqltools.db.derby.ui,1.0.0.v200906020900,"org.eclipse.datatools.sqltools.db.derby.ui",1454568989159
started,bundle,org.eclipse.datatools.sqltools.debugger.core,1.0.1.v201005250945,"org.eclipse.datatools.sqltools.debugger.core",1454568989385
started,bundle,org.eclipse.datatools.sqltools.debugger.core.ui,1.0.0.v201003161000,"org.eclipse.datatools.sqltools.debugger.core.ui",1454568989387
opened,editor,org.eclipse.datatools.sqltools.sqlscrapbook,1.0.1.v201005250945,"org.eclipse.datatools.sqltools.sqlscrapbook.SQLScrapbookEditor",1454568989539
started,bundle,org.eclipse.datatools.sqltools.common.ui,1.0.0.v200906022302,"org.eclipse.datatools.sqltools.common.ui",1454568989618
activated,editor,org.eclipse.datatools.sqltools.sqlscrapbook,1.0.1.v201005250945,"org.eclipse.datatools.sqltools.sqlscrapbook.SQLScrapbookEditor",1454568989671
executed,command,org.eclipse.ui.ide,3.6.0.I20100601-0800,"org.eclipse.ui.edit.text.openLocalFile",1454568989677
activated,editor,org.eclipse.jdt.ui,3.6.0.v20100602-1600,"org.eclipse.jdt.ui.CompilationUnitEditor",1454568994715
activated,editor,org.eclipse.datatools.sqltools.sqlscrapbook,1.0.1.v201005250945,"org.eclipse.datatools.sqltools.sqlscrapbook.SQLScrapbookEditor",1454568996248
activated,editor,org.eclipse.jdt.ui,3.6.0.v20100602-1600,"org.eclipse.jdt.ui.CompilationUnitEditor",1454569007945
deactivated,workbench,org.eclipse.ui.workbench,3.6.0.I20100603-1100,"",1454569021778
activated,workbench,org.eclipse.ui.workbench,3.6.0.I20100603-1100,"",1454569027399
opened,editor,org.eclipse.jdt.ui,3.6.0.v20100602-1600,"org.eclipse.jdt.ui.CompilationUnitEditor",1454569027464
activated,editor,org.eclipse.jdt.ui,3.6.0.v20100602-1600,"org.eclipse.jdt.ui.CompilationUnitEditor",1454569027520
executed,command,org.eclipse.ui.ide,3.6.0.I20100601-0800,"org.eclipse.ui.edit.text.openLocalFile",1454569027523
executed,command,org.eclipse.ui,3.6.0.I20100603-1100,"org.eclipse.ui.edit.undo",1454569035575
executed,command,org.eclipse.ui,3.6.0.I20100603-1100,"org.eclipse.ui.file.save",1454569085548
activated,editor,org.eclipse.datatools.sqltools.sqlscrapbook,1.0.1.v201005250945,"org.eclipse.datatools.sqltools.sqlscrapbook.SQLScrapbookEditor",1454569092189
executed,command,org.eclipse.ui,3.6.0.I20100603-1100,"org.eclipse.ui.file.save",1454569092847
activated,editor,org.eclipse.jdt.ui,3.6.0.v20100602-1600,"org.eclipse.jdt.ui.CompilationUnitEditor",1454569135433
activated,editor,org.eclipse.datatools.sqltools.sqlscrapbook,1.0.1.v201005250945,"org.eclipse.datatools.sqltools.sqlscrapbook.SQLScrapbookEditor",1454569146463
activated,editor,org.eclipse.jdt.ui,3.6.0.v20100602-1600,"org.eclipse.jdt.ui.CompilationUnitEditor",1454569186966
activated,editor,org.eclipse.jdt.ui,3.6.0.v20100602-1600,"org.eclipse.jdt.ui.CompilationUnitEditor",1454569188990
deactivated,workbench,org.eclipse.ui.workbench,3.6.0.I20100603-1100,"",1454569400169
activated,workbench,org.eclipse.ui.workbench,3.6.0.I20100603-1100,"",1454569468000
deactivated,workbench,org.eclipse.ui.workbench,3.6.0.I20100603-1100,"",1454569471498
activated,workbench,org.eclipse.ui.workbench,3.6.0.I20100603-1100,"",1454580785854
deactivated,workbench,org.eclipse.ui.workbench,3.6.0.I20100603-1100,"",1454580790204
activated,workbench,org.eclipse.ui.workbench,3.6.0.I20100603-1100,"",1454606298630
deactivated,workbench,org.eclipse.ui.workbench,3.6.0.I20100603-1100,"",1454606300057
activated,workbench,org.eclipse.ui.workbench,3.6.0.I20100603-1100,"",1454606730128
deactivated,workbench,org.eclipse.ui.workbench,3.6.0.I20100603-1100,"",1454606736370
activated,workbench,org.eclipse.ui.workbench,3.6.0.I20100603-1100,"",1454606787229
deactivated,workbench,org.eclipse.ui.workbench,3.6.0.I20100603-1100,"",1454606789430
started,bundle,org.eclipse.wst.server.core,1.1.202.v20100518,"org.eclipse.wst.server.core",1454606790996
started,bundle,org.eclipse.wst.server.ui,1.1.203.v20100601,"org.eclipse.wst.server.ui",1454606791036
activated,workbench,org.eclipse.ui.workbench,3.6.0.I20100603-1100,"",1454606801404
deactivated,workbench,org.eclipse.ui.workbench,3.6.0.I20100603-1100,"",1454606818320
started,bundle,org.eclipse.jst.server.core,1.2.101.v20100421,"org.eclipse.jst.server.core",1454606818867
started,bundle,org.eclipse.jst.server.tomcat.core,1.1.200.v20100519,"org.eclipse.jst.server.tomcat.core",1454606818871
started,bundle,org.eclipse.jst.server.tomcat.ui,1.1.200.v20100418,"org.eclipse.jst.server.tomcat.ui",1454606818935
activated,workbench,org.eclipse.ui.workbench,3.6.0.I20100603-1100,"",1454606943389
deactivated,workbench,org.eclipse.ui.workbench,3.6.0.I20100603-1100,"",1454606945566
activated,workbench,org.eclipse.ui.workbench,3.6.0.I20100603-1100,"",1454607803066
deactivated,workbench,org.eclipse.ui.workbench,3.6.0.I20100603-1100,"",1454607804682
activated,workbench,org.eclipse.ui.workbench,3.6.0.I20100603-1100,"",1454607888755
deactivated,workbench,org.eclipse.ui.workbench,3.6.0.I20100603-1100,"",1454607892527
started,bundle,org.eclipse.pde.core,3.6.0.v20100601,"org.eclipse.pde.core",1454607893065
opened,view,org.eclipse.wst.server.ui,1.1.203.v20100601,"org.eclipse.wst.server.ui.ServersView",1454607893426
started,bundle,org.eclipse.jst.jee.ui,1.0.300.v201005191301,"org.eclipse.jst.jee.ui",1454607894254
started,bundle,org.eclipse.jst.j2ee.navigator.ui,1.1.400.v201004280900,"org.eclipse.jst.j2ee.navigator.ui",1454607894325
started,bundle,org.eclipse.wst.common.core,1.2.0.v200908252030,"org.eclipse.wst.common.core",1454607894609
started,bundle,org.eclipse.wst.common.modulecore,1.2.0.v201005200200,"org.eclipse.wst.common.modulecore",1454607894614
started,bundle,org.eclipse.jst.j2ee.core,1.2.0.v201005200200,"org.eclipse.jst.j2ee.core",1454607894708
started,bundle,org.eclipse.jem,2.0.400.v201005110200,"org.eclipse.jem",1454607894804
started,bundle,org.eclipse.wst.common.frameworks.ui,1.2.0.v201004080500,"org.eclipse.wst.common.frameworks.ui",1454607894981
started,bundle,org.eclipse.wst.xml.core,1.1.500.v201005271618,"org.eclipse.wst.xml.core",1454607895041
started,bundle,org.eclipse.wst.validation,1.2.200.v201005271900,"org.eclipse.wst.validation",1454607895150
started,bundle,org.eclipse.jst.j2ee,1.1.400.v201005271900,"org.eclipse.jst.j2ee",1454607895235
started,bundle,org.eclipse.jst.jee,1.0.300.v201005191301,"org.eclipse.jst.jee",1454607895943
started,bundle,org.eclipse.jpt.core,2.3.0.v201006020000,"org.eclipse.jpt.core",1454607897670
started,bundle,org.eclipse.wst.sse.core,1.1.500.v201006020308,"org.eclipse.wst.sse.core",1454607897732
activated,workbench,org.eclipse.ui.workbench,3.6.0.I20100603-1100,"",1454607912828
deactivated,workbench,org.eclipse.ui.workbench,3.6.0.I20100603-1100,"",1454607913735
activated,workbench,org.eclipse.ui.workbench,3.6.0.I20100603-1100,"",1454607913892
activated,view,org.eclipse.ui.navigator.resources,3.4.200.I20100601-0800,"org.eclipse.ui.navigator.ProjectExplorer",1454607916525
started,bundle,org.eclipse.mylyn.resources.ui,3.4.0.v20100608-0100-e3x,"org.eclipse.mylyn.resources.ui",1454607916686
started,bundle,org.eclipse.jst.ws.jaxws.dom.integration,1.0.0.v201004171919,"org.eclipse.jst.ws.jaxws.dom.integration",1454607918280
started,bundle,org.eclipse.jst.ws.jaxws.dom.ui,1.0.0.v201004171919,"org.eclipse.jst.ws.jaxws.dom.ui",1454607918317
activated,editor,org.eclipse.datatools.sqltools.sqlscrapbook,1.0.1.v201005250945,"org.eclipse.datatools.sqltools.sqlscrapbook.SQLScrapbookEditor",1454607994537
activated,editor,org.eclipse.jdt.ui,3.6.0.v20100602-1600,"org.eclipse.jdt.ui.CompilationUnitEditor",1454607998093
activated,editor,org.eclipse.datatools.sqltools.sqlscrapbook,1.0.1.v201005250945,"org.eclipse.datatools.sqltools.sqlscrapbook.SQLScrapbookEditor",1454608004492
activated,editor,org.eclipse.jdt.ui,3.6.0.v20100602-1600,"org.eclipse.jdt.ui.CompilationUnitEditor",1454608005367
activated,editor,org.eclipse.datatools.sqltools.sqlscrapbook,1.0.1.v201005250945,"org.eclipse.datatools.sqltools.sqlscrapbook.SQLScrapbookEditor",1454608137453
activated,editor,org.eclipse.jdt.ui,3.6.0.v20100602-1600,"org.eclipse.jdt.ui.CompilationUnitEditor",1454608138917
deactivated,workbench,org.eclipse.ui.workbench,3.6.0.I20100603-1100,"",1454608371679
activated,workbench,org.eclipse.ui.workbench,3.6.0.I20100603-1100,"",1454608382643
activated,view,org.eclipse.ui.navigator.resources,3.4.200.I20100601-0800,"org.eclipse.ui.navigator.ProjectExplorer",1454608383526
started,bundle,org.eclipse.wst.common.project.facet.ui,1.4.100.v201005190114,"org.eclipse.wst.common.project.facet.ui",1454608391738
started,bundle,org.eclipse.wst.web.ui,1.1.400.v201004141630,"org.eclipse.wst.web.ui",1454608391738
started,bundle,org.eclipse.jst.j2ee.web,1.1.400.v201005270700,"org.eclipse.jst.j2ee.web",1454608391952
started,bundle,org.eclipse.jst.common.frameworks,1.1.400.v201005130500,"org.eclipse.jst.common.frameworks",1454608391978
started,bundle,org.eclipse.jst.common.project.facet.ui,1.4.100.v201005171604,"org.eclipse.jst.common.project.facet.ui",1454608392479
deactivated,workbench,org.eclipse.ui.workbench,3.6.0.I20100603-1100,"",1454608392680
activated,workbench,org.eclipse.ui.workbench,3.6.0.I20100603-1100,"",1454608491188
deactivated,workbench,org.eclipse.ui.workbench,3.6.0.I20100603-1100,"",1454608491724
error,log,,,"Unhandled event loop exception during blocked modal context.",1454608499294
activated,workbench,org.eclipse.ui.workbench,3.6.0.I20100603-1100,"",1454608504443
activated,editor,org.eclipse.jdt.ui,3.6.0.v20100602-1600,"org.eclipse.jdt.ui.CompilationUnitEditor",1454608506758
activated,view,org.eclipse.ui.navigator.resources,3.4.200.I20100601-0800,"org.eclipse.ui.navigator.ProjectExplorer",1454608869901
activated,editor,org.eclipse.jdt.ui,3.6.0.v20100602-1600,"org.eclipse.jdt.ui.CompilationUnitEditor",1454608965674
deactivated,workbench,org.eclipse.ui.workbench,3.6.0.I20100603-1100,"",1454609063912
activated,workbench,org.eclipse.ui.workbench,3.6.0.I20100603-1100,"",1454609068370
deactivated,workbench,org.eclipse.ui.workbench,3.6.0.I20100603-1100,"",1454609068401
activated,workbench,org.eclipse.ui.workbench,3.6.0.I20100603-1100,"",1454610841400
started,bundle,org.eclipse.wst.jsdt.debug.core,1.0.0.v201006082045,"org.eclipse.wst.jsdt.debug.core",1454610841659
closed,workbench,org.eclipse.ui.workbench,3.6.0.I20100603-1100,"",1454610842294
stopped,bundle,org.eclipse.jst.j2ee.xdoclet.runtime,1.1.300.v201004280700,"org.eclipse.jst.j2ee.xdoclet.runtime",1454610843583
stopped,bundle,org.eclipse.jst.j2ee.ejb.annotations.xdoclet,1.2.100.v201003112036,"org.eclipse.jst.j2ee.ejb.annotations.xdoclet",1454610843603
stopped,bundle,org.eclipse.jst.server.generic.jboss,1.6.1.v200904151730,"org.eclipse.jst.server.generic.jboss",1454610843692
stopped,bundle,org.eclipse.jst.server.generic.jonas,1.5.205.v200805140145,"org.eclipse.jst.server.generic.jonas",1454610843762
stopped,bundle,org.eclipse.jst.server.generic.oc4j,1.5.206.v20090812,"org.eclipse.jst.server.generic.oc4j",1454610843798
stopped,bundle,org.eclipse.jst.server.websphere.core,1.0.302.v20080620,"org.eclipse.jst.server.websphere.core",1454610843821
stopped,bundle,org.eclipse.jst.server.generic.ui,1.0.505.v20100428,"org.eclipse.jst.server.generic.ui",1454610843851
stopped,bundle,org.eclipse.jst.server.generic.core,1.0.606.v20100512,"org.eclipse.jst.server.generic.core",1454610843873
stopped,bundle,org.eclipse.mylyn.ide.ant,3.4.0.v20100608-0100-e3x,"org.eclipse.mylyn.ide.ant",1454610843879
stopped,bundle,org.eclipse.datatools.connectivity.oda.template.ui,3.2.1.v201004090942,"org.eclipse.datatools.connectivity.oda.template.ui",1454610843899
stopped,bundle,org.eclipse.pde.api.tools.ui,1.0.200.v20100601-1815,"org.eclipse.pde.api.tools.ui",1454610843899
